ID,Cuerpo de Bomberos,URL,Logo Path,RUT,Numero de Socio,Fecha de Fundacion,Direccion,Telefono,Superintendente,Comandante,Numero de Companias,status
1,Arica,https://app.bomberos.cl/info_crpo_web/?id=1,logos/1_Arica.jpg,70.015.040-2,60,12-04-1912,Vicuña Mackenna 802,(9) 51511816,Juan Carlos Maldonado Sepúlveda,Patricio Andres Melgarejo Aranibar,9,desde_app_bomberos
2,Iquique,https://app.bomberos.cl/info_crpo_web/?id=2,logos/2_Iquique.jpg,81.816.400-9,12,07-10-1875,Bolívar 414,(57) 413166- 423124,Marcelo Paul Zúñiga Schampke,Jorge Andres Medina Villegas,10,desde_app_bomberos
3,Pica,https://app.bomberos.cl/info_crpo_web/?id=3,logos/3_Pica.jpg,70.916.000-1,256,17-10-1978,Barboza S/n,(57) 2741377,Fernando Javier Chacon Beltran,Pablo Andres Alarcon Alarcon,2,desde_app_bomberos
4,Pozo Almonte,https://app.bomberos.cl/info_crpo_web/?id=4,logos/4_Pozo Almonte.png,71.104.900-2,260,15-03-1981,Aldunate 650,(57) 752325,Efrain Alejandro Lillo Barraza,Cristian Gerald Loo Marin,5,desde_app_bomberos
5,Huara,https://app.bomberos.cl/info_crpo_web/?id=5,logos/5_Huara.png,75.999.380-2,284,30-04-1999,Eleuterio Ramirez S/n,(57) 2 752550,Boris Enzo Manzoni Ibarra,Cristian Alexi Ramirez Rojas,2,desde_app_bomberos
6,Antofagasta,https://app.bomberos.cl/info_crpo_web/?id=6,logos/6_Antofagasta.png,81.809.500-7,11,05-04-1875,Antonio José de Sucre 545,55 2 891354,Daniel Mauricio Bugueño Cabrera,Alfonso Nolberto Olivera Espinoza,9,desde_app_bomberos
7,Calama,https://app.bomberos.cl/info_crpo_web/?id=7,logos/7_Calama.png,71.350.200-6,47,04-06-1907,Sotomayor 1862,(55) 563602,Francisco José Barrios Casas,Alberto Teobaldo Pereira Bravo,5,desde_app_bomberos
8,Mejillones,https://app.bomberos.cl/info_crpo_web/?id=8,logos/8_Mejillones.jpg,70.010.500-8,67,17-12-1921,Almirante Latorre 511,552621591 - 552622060,Jayro Arriagada Montecinos,Reinaldo Florencio Figueroa Rodriguez,3,desde_app_bomberos
9,Tal Tal,https://app.bomberos.cl/info_crpo_web/?id=9,logos/9_Tal Tal.jpg,81.889.300-0,17,12-03-1882,Ramírez 150,(55) 611065,Mario Antonio González Rojas,Hector Antonio Trujillo Astudillo,2,desde_app_bomberos
10,Caldera,https://app.bomberos.cl/info_crpo_web/?id=10,logos/10_Caldera.gif,82.190.200-2,22,14-03-1885,Ossa Cerda 370,(52) 315269,Leyla Maria Tala Urzua,Marco Antonio Gonzalez Alvarez,3,desde_app_bomberos
11,Copiapó,https://app.bomberos.cl/info_crpo_web/?id=11,logos/11_Copiapó.jpeg,82.189.900-1,6,12-07-1868,Atacama 461,(52) 212525 - 212435,Alejandro Andres Veliz Espinoza,Cristian Guillermo Poblete Gonzalez,7,desde_app_bomberos
12,Chañaral,https://app.bomberos.cl/info_crpo_web/?id=12,logos/12_Chañaral.png,70.970.600-4,14,08-12-1878,Merino Jarpa 570,(52) 480198,Michael Alexander Ramirez Castro,Jonathan Fred Arévalo Lai,3,desde_app_bomberos
13,Freirina,https://app.bomberos.cl/info_crpo_web/?id=13,logos/13_Freirina.jpeg,70.333.700-7,152,01-03-1953,"Atacama 737, centro",(51) 518711,Eduardo Alejandro Gallardo Herrera,Favian Enrique Gonzalez Araya,2,desde_app_bomberos
14,Huasco,https://app.bomberos.cl/info_crpo_web/?id=14,logos/14_Huasco.jpg,70.463.400-5,183,18-02-1961,Latorre 346,+56512531017,Cristian Alejandro Heredia Collao,Claudio Felipe Cereceda Cereceda,3,desde_app_bomberos
15,Inca de Oro,https://app.bomberos.cl/info_crpo_web/?id=15,logos/15_Inca de Oro.jpg,65.124.390-4,105,20-08-1940,"Francisco San Román 507, INCA DE ORO",9-63974693,Cristian Arturo Campillay Briones,Pablo Jimmy Rojo Diaz,1,desde_app_bomberos
16,Tierra Amarilla,https://app.bomberos.cl/info_crpo_web/?id=16,logos/16_Tierra Amarilla.jpg,71.146.700-9,236,25-02-1971,Miguel Lemur 505,(52) 320237,Pedro Leonelo Alfaro Aguilera,Jaime Andrés Castillo Véliz,2,desde_app_bomberos
17,Vallenar,https://app.bomberos.cl/info_crpo_web/?id=17,logos/17_Vallenar.png,82.734.300-5,131,21-05-1947,"Ramírez 1198, centro",(51) 614132,Wilson Eduardo Soto Núñez,Cristopher Gary Rojas Ramirez,7,desde_app_bomberos
18,Andacollo,https://app.bomberos.cl/info_crpo_web/?id=18,logos/18_Andacollo.png,70.009.200-3,226,11-06-1968,"Luis Miranda Ansieta S/n, Centro",(51) 2431635,Carlos Marin Araya,Wilfredo Javier Ochoa Cortes,3,desde_app_bomberos
19,Combarbalá,https://app.bomberos.cl/info_crpo_web/?id=19,logos/19_Combarbalá.jpg,70.010.400-1,104,16-08-1940,"Maipú 311, centro urbano",532741020,Manuel Eduardo Castillo Castillo,Gilberto Antonio Castillo Vergara,6,desde_app_bomberos
20,Coquimbo,https://app.bomberos.cl/info_crpo_web/?id=20,logos/20_Coquimbo.jpg,81.939.600-0,13,25-06-1878,"Aníbal Pinto 1298, sECTOR CENTRO",(51)2 312342 -2311371,Exequiel Heriberto Martinez Torres,Juan Manuel Collao Pizarro,12,desde_app_bomberos
21,Coihueco,https://app.bomberos.cl/info_crpo_web/?id=21,logos/21_Coihueco.jpg,70.789.500-4,249,20-02-1976,Luis Hermosilla 1432,422471003,Ramón Luis Garrido Córdova,Axel Ignacio Cofre Pino,6,desde_app_bomberos
22,Concepción,https://app.bomberos.cl/info_crpo_web/?id=22,logos/22_Concepción.png,81.891.700-7,19,13-04-1883,Orompello 136,(41) 2225051,Werner Heinz Hohf Cartes,Felipe Antonio Meneses Villarroel,10,desde_app_bomberos
23,Contulmo,https://app.bomberos.cl/info_crpo_web/?id=23,logos/23_Contulmo.jpg,82.182.900-3,213,06-10-1966,"Los Tilos 552, CENTRO",(41) 2618060 - 2618147,Armando Baldemar Escobar Caamaño,Rolando Andres Galvez Escobar,2,desde_app_bomberos
24,Coronel,https://app.bomberos.cl/info_crpo_web/?id=24,logos/24_Coronel.png,70.010.100-2,41,08-08-1904,"Eleuterio Ramírez 10, Lo Rojas",(41) 2774062,Eduardo Felipe Monsálvez Núñez,Jaime Rodrigo Seguel Allen,9,desde_app_bomberos
25,Curanilahue,https://app.bomberos.cl/info_crpo_web/?id=25,logos/25_Curanilahue.jpg,70.013.660-4,120,23-05-1945,"Caupolican 704, centro",412691057,Nestor Benjamin Antillanca Aviles,Santiago Hernan Espinoza Vidal,3,desde_app_bomberos
26,Chiguayante,https://app.bomberos.cl/info_crpo_web/?id=26,logos/26_Chiguayante.png,82.272.500-7,124,14-11-1945,"Pedro angulo novoa 714, chiguayante sur",(41) 2364985,Rodrigo Eduardo Villanueva Vega,Felipe Alexander Sánchez Sánchez,3,desde_app_bomberos
27,Chillán,https://app.bomberos.cl/info_crpo_web/?id=27,logos/27_Chillán.png,81.681.800-1,15,25-06-1880,El Roble 490,(42) 222233 - 222133,Ernesto Segundo Quijón Aravena,Luis Alfredo Seguel Valenzuela,8,desde_app_bomberos
28,El Carmen,https://app.bomberos.cl/info_crpo_web/?id=28,logos/28_El Carmen.jpg,71.056.200-8,251,14-11-1976,Manuel Rodríguez 550,(42) 661087,Victor Luciano Lagos Castillo,Rodrigo Andres Carrasco Valdebenito,1,desde_app_bomberos
29,Florida,https://app.bomberos.cl/info_crpo_web/?id=29,logos/29_Florida.jpg,70.550.800-3,102,31-12-1939,"Ortiz De Rozas 602, centro",(41) 2645132,Vladimir Guajardo Saavedra,Néstor Villa Herrera,5,desde_app_bomberos
30,Coelemu,https://app.bomberos.cl/info_crpo_web/?id=30,logos/30_Coelemu.png,81.811.400-1,111,07-05-1942,Manuel Antonio Matta 450,(42) 511083,Jeime Marina Cabrera Torres,Claudio Alberto Muñoz Reyes,3,desde_app_bomberos
31,Illapel,https://app.bomberos.cl/info_crpo_web/?id=31,logos/31_Illapel.png,70.003.140-3,91,09-01-1936,Buin 540,(53) 522396,Fabian Antonio Fernandez Tapia,Eber Fernando Oyanedel Tapia,4,desde_app_bomberos
32,La Serena,https://app.bomberos.cl/info_crpo_web/?id=32,logos/32_La Serena.png,82.403.100-2,9,25-10-1874,Francisco De Aguirre Y Balmaceda 501,(51) 225592 - 212793,Patricio Alejandro Diaz Diaz,Felipe Ignacio Jeraldo Aguilera,7,desde_app_bomberos
33,Los Vilos,https://app.bomberos.cl/info_crpo_web/?id=33,logos/33_Los Vilos.png,82.378.100-8,160,05-05-1955,"Lautaro 489, centro",(53) 541068,Jaime Alejo Cortinez Poblacion,Danton Repiso Ramirez-Olavarria,5,desde_app_bomberos
34,Ovalle,https://app.bomberos.cl/info_crpo_web/?id=34,logos/34_Ovalle.jpg,81.809.600-3,28,20-03-1893,"Miguel Aguirre 364, Piso 2",(53) 2620191-(53) 2620208,Isidoro Segundo Ossandon Vega,Jorge Ignacio Robles Tapia,8,desde_app_bomberos
35,Punitaqui,https://app.bomberos.cl/info_crpo_web/?id=35,logos/35_Punitaqui.jpg,82.021.200-2,206,18-06-1964,Caupolicán 828,(53)2 731017,Jonathan Humberto Rios Morales,Cristian Eduardo Valdivia Castillo,4,desde_app_bomberos
36,Salamanca,https://app.bomberos.cl/info_crpo_web/?id=36,logos/36_Salamanca.x-png,71.172.800-7,145,04-05-1952,Ruiz Valledor 231,(53) 551040,Camilo Ignacio Prado Estay,Johany Alexander Trigo Vargas,3,desde_app_bomberos
37,Vicuña,https://app.bomberos.cl/info_crpo_web/?id=37,logos/37_Vicuña.jpg,81.552.200-1,128,06-10-1946,San Martín 150,51 411242,Luis Camilo Machuca Zambra,Mauro Andres Vega Julio,4,desde_app_bomberos
38,Algarrobo,https://app.bomberos.cl/info_crpo_web/?id=38,logos/38_Algarrobo.png,70.002.800-3,157,01-04-1954,Peñablanca 305,(35) 2481190,Manuel Cea Sanchez,Carlos Enrique Flores Fuentes,3,desde_app_bomberos
39,Cabildo,https://app.bomberos.cl/info_crpo_web/?id=39,logos/39_Cabildo.png,82.487.800-5,151,16-01-1953,Humeres 830,(33) 761070,Jose Manuel Silva Silva,Ricardo Andrés Mena Gil,2,desde_app_bomberos
40,Cartagena,https://app.bomberos.cl/info_crpo_web/?id=40,logos/40_Cartagena.png,82.392.900-5,76,09-03-1929,Cartagena 137,(035) 2450046,Paulino Andres Aravena Pavez,Miguel Alejandro Rojás Valdés,3,desde_app_bomberos
41,Casablanca,https://app.bomberos.cl/info_crpo_web/?id=41,logos/41_Casablanca.jpeg,71.832.700-8,137,22-04-1949,"Alejandro Galaz 320, Sector el Molino",(32) 2742366,Gastón Marcelo Mercado Oyarzún,Juan José Valladares Gomez,5,desde_app_bomberos
42,Catemu,https://app.bomberos.cl/info_crpo_web/?id=42,logos/42_Catemu.jpeg,70.005.300-8,185,28-05-1961,García Huidobro S/n,(34) 631219,Ramon Alejandro Olmos Caro,Andrés Patricio Olguín Reinoso,2,desde_app_bomberos
43,El Quisco,https://app.bomberos.cl/info_crpo_web/?id=43,logos/43_El Quisco.jpg,70.663.100-3,170,26-08-1957,Ignacio Carrera Pinto 032,35-2471166,Orlando Enrique Toro Rodriguez,Cristobal Alonso Palma Cornejo,2,desde_app_bomberos
44,El Tabo,https://app.bomberos.cl/info_crpo_web/?id=44,logos/44_El Tabo.jpg,81.746.800-4,196,04-04-1953,San Martín 951,352461399 - 352469529,Frank Viveros Morales,Carlos Valentin Ramirez Ramirez,2,desde_app_bomberos
45,Hijuelas,https://app.bomberos.cl/info_crpo_web/?id=45,logos/45_Hijuelas.png,70.327.600-8,210,28-03-1965,"Manuel Rodríguez 1735, Centro",33 2272737,Gabriel Alejandro Villagra Conejeras,Franco Mauricio Tapia Galvez,2,desde_app_bomberos
46,Isla de Pascua,https://app.bomberos.cl/info_crpo_web/?id=46,logos/46_Isla de Pascua.png,71.245.000-2,241,16-08-1972,Tepito O Tehenua S/n,(32) 551564,Jorge Alfredo Pate Espinoza,Marco Añigual Monsalve,2,desde_app_bomberos
47,La Calera,https://app.bomberos.cl/info_crpo_web/?id=47,logos/47_La Calera.png,81.939.100-9,65,11-12-1920,"Aldunate 341, Centro La calera",+56958108319,Cristian Rodrigo Omar Fernández,Jorge Patricio Rocco Ardiles,4,desde_app_bomberos
48,La Cruz,https://app.bomberos.cl/info_crpo_web/?id=48,logos/48_La Cruz.jpeg,70.564.300-8,161,29-09-1955,21 De Mayo 5200,(33) 320166,Angelo Andrés Escobar Espinoza,Mauricio Fernando Arancibia Herrera,1,desde_app_bomberos
49,La Ligua,https://app.bomberos.cl/info_crpo_web/?id=49,logos/49_La Ligua.png,70.006.100-0,87,27-08-1934,Diego Portales 298,(33) 714773,Juan Pablo Ramirez Taiba,José Luis Jarpa Blanco,6,desde_app_bomberos
50,Limache,https://app.bomberos.cl/info_crpo_web/?id=50,logos/50_Limache.jpeg,81.683.200-4,110,20-04-1942,República 368,(33) 2413702,Carla Andrea Bianchi Donoso,Marcos Marcelo Escobar Arcaya,5,desde_app_bomberos
51,Los Andes,https://app.bomberos.cl/info_crpo_web/?id=51,logos/51_Los Andes.png,70.002.400-8,23,18-09-1886,Esmeralda 130,(34) 421212,Eladio Francisco Cortez Diaz,Miguel Ángel Lamelés Mora,6,desde_app_bomberos
52,Llay Llay,https://app.bomberos.cl/info_crpo_web/?id=52,logos/52_Llay Llay.jpeg,81.935.900-8,59,14-12-1911,Arturo Perez Canto 452,34 612201,Patricio Danilo Rodriguez Meneses,Victor Hugo Molina Mazuela,2,desde_app_bomberos
53,Nogales,https://app.bomberos.cl/info_crpo_web/?id=53,logos/53_Nogales.jpg,70.605.700-5,245,30-03-1974,JAVIERA CARRERA 175,332262823,Manuel Alejandro Aracena Bernal,Tiharen Araceli Ulloa Cabezas,3,desde_app_bomberos
54,Olmué,https://app.bomberos.cl/info_crpo_web/?id=54,logos/54_Olmué.png,70.009.300-k,223,24-01-1968,Diego Portales 2005,(332) 441488,Victor Alejando Pizarro Arredondo,Rodrigo Fernando Arellano Yañez,1,desde_app_bomberos
55,Papudo,https://app.bomberos.cl/info_crpo_web/?id=55,logos/55_Papudo.png,82.393.000-3,211,21-05-1965,Fernández Concha 721,(33) 2791127,Rodrigo Deblasis Pizarro,Camilo Reinoso Gamboa,2,desde_app_bomberos
56,Petorca,https://app.bomberos.cl/info_crpo_web/?id=56,logos/56_Petorca.png,71.150.300-5,250,30-05-1976,Manuel Montt 795,(33) 781427,Yerco Emerzon Caniguante Diaz,Freddy Calderon Astudillo,3,desde_app_bomberos
57,Puchuncaví,https://app.bomberos.cl/info_crpo_web/?id=57,logos/57_Puchuncaví.jpg,81.976.900-1,192,30-03-1962,Latorre 270,(32) 2791028,Guillermo Alfredo Kramm Kramm,Daniel Tenorio De Vasconcelos Barbosa,3,desde_app_bomberos
58,Putaendo,https://app.bomberos.cl/info_crpo_web/?id=58,logos/58_Putaendo.png,70.719.300-k,166,23-03-1956,"Camus 130, centro",34-2501026,Elian Nelson Montenegro Saa,Cesar Antonio Olivares Vega,3,desde_app_bomberos
59,Quilpué,https://app.bomberos.cl/info_crpo_web/?id=59,logos/59_Quilpué.jpg,82.104.901-6,69,08-03-1925,Bulnes 1029,(32) 910310,Gerardo Manuel Silva Leal,Pablo Alexander Saavedra Arancibia,6,desde_app_bomberos
60,Quillota,https://app.bomberos.cl/info_crpo_web/?id=60,logos/60_Quillota.jpg,81.591.800-2,38,20-12-1902,Yungay 315,(33) 312987 - 311691,Mauricio Lucero Martinez,Marco Antonio Velásquez Godoy,5,desde_app_bomberos
61,Quintero,https://app.bomberos.cl/info_crpo_web/?id=61,logos/61_Quintero.jpeg,70.386.500-3,154,15-01-1955,Normandie 1980,(56) (32) 2933145-2930776,Eduard Anthony Jofré Rivera,Eleazar Neftalí Carroza Bernal,2,desde_app_bomberos
63,Santo Domingo,https://app.bomberos.cl/info_crpo_web/?id=63,logos/63_Santo Domingo.png,82.140.000-7,169,21-05-1957,El Golf 130,(35) 441804,Juan Cristobal Herrera Aguilar,Cesar Andres Carreño Vilches,4,desde_app_bomberos
64,San Antonio,https://app.bomberos.cl/info_crpo_web/?id=64,logos/64_San Antonio.png,82.547.500-1,62,05-11-1913,"Domingo Fernandez CONCHA 808, SECTOR HOSPITAL",(35)2211144,Hector Araneda Vidal,Alvaro Andres Ponce Ponce,7,desde_app_bomberos
65,San Esteban,https://app.bomberos.cl/info_crpo_web/?id=65,logos/65_San Esteban.pjpeg,70.010.900-3,230,14-02-1969,Santa Teresa 31,(34) 482600-480102,Jorge Rodrigo Tapia Tobar,Luis Alfonso Humberto Jimenez Jimenez,2,desde_app_bomberos
66,San Felipe,https://app.bomberos.cl/info_crpo_web/?id=66,logos/66_San Felipe.jpeg,70.001.500-9,18,11-03-1883,Merced 832,342518817,David Nehemias Guajardo Sandoval,Walter Roman Staforelli Delgado,7,desde_app_bomberos
67,Santa María,https://app.bomberos.cl/info_crpo_web/?id=67,logos/67_Santa María.jpg,81.592.000-7,96,22-08-1937,"Almirante Latorre 730, centro",34-582024,--,Eduardo Tito Gonzalez Lazcano,3,desde_app_bomberos
68,Valparaíso,https://app.bomberos.cl/info_crpo_web/?id=68,logos/68_Valparaíso.png,81.807.100-0,1,30-06-1851,Plaza Sotomayor 147,(32) 2255856,Jose Manuel Esposito Cancino,Vicente Maggiolo Oyarzún,16,desde_app_bomberos
69,Villa Alemana,https://app.bomberos.cl/info_crpo_web/?id=69,logos/69_Villa Alemana.png,70.030.900-2,133,29-01-1948,Ignacio Carrera Pinto 034,(32) 2951446 - 2958871,Eugenio Sebastián Pizarro Miranda,Luis Hernán Bernal Sandoval,4,desde_app_bomberos
70,Viña Del Mar,https://app.bomberos.cl/info_crpo_web/?id=70,logos/70_Viña Del Mar.jpg,81.815.900-5,21,14-12-1884,Valparaiso 791,(32)-2684328,Marcos Christian Quintana Bonvallet,Hector Enrique Caceres Villanueva,10,desde_app_bomberos
71,Zapallar,https://app.bomberos.cl/info_crpo_web/?id=71,logos/71_Zapallar.jpg,70.727.300-3,191,31-01-1962,Benito Del Villar 100,332741262 - 332742327,Cristian Mauricio Valenzuela Rojas,Claudio Hernaldo Figueroa Contreras,2,desde_app_bomberos
72,Codegua,https://app.bomberos.cl/info_crpo_web/?id=72,logos/72_Codegua.jpg,73.656.100-k,280,31-05-1995,O´Higgins Barrio Cívico 356,072 - 472018,Juan Daniel Fernandez Herrera,Heriberto Ferru Chacon,2,desde_app_bomberos
73,Coinco,https://app.bomberos.cl/info_crpo_web/?id=73,logos/73_Coinco.png,70.008.400-4,227,15-08-1968,Bernardo O' Higgins 77,(72) 441122,Sergio Sebastian Gonzalez Padilla,Humberto Antonio Helvia Zapata,1,desde_app_bomberos
74,Coltauco,https://app.bomberos.cl/info_crpo_web/?id=74,logos/74_Coltauco.png,70.602.900-1,216,25-06-1967,Bernardo O' Higgins 282,(72) 451799,Juan Alfredo Poblete Moyano,Pablo Armijo Armijo,2,desde_app_bomberos
75,Chépica,https://app.bomberos.cl/info_crpo_web/?id=75,logos/75_Chépica.jpg,70.008.000-5,229,20-10-1968,18 De Septiembre S/n,72 817273,Ivan Alejandro Valenzuela Palacios,Sergio Hernán Navarro Aguilera,2,desde_app_bomberos
76,Chimbarongo,https://app.bomberos.cl/info_crpo_web/?id=76,logos/76_Chimbarongo.png,70.014.800-9,144,13-11-1951,Carmen Larraín 13,(72) 781146,Jhony Enrique Legua Herrera,Matias Eduardo Sanchez Sandoval,5,desde_app_bomberos
77,Doñihue,https://app.bomberos.cl/info_crpo_web/?id=77,logos/77_Doñihue.png,82.218.100-7,149,25-10-1952,Estación 180,(72) 2462218,Patricio Antonio Soto Aros,Osvaldo Francisco Venegas Rubio,2,desde_app_bomberos
78,Graneros,https://app.bomberos.cl/info_crpo_web/?id=78,logos/78_Graneros.png,70.005.000-9,113,05-02-1943,La Compañia 0157,722472610,Gonzalo Ignacio Arros Valencia,Felix Roberto Galaz Rubio,3,desde_app_bomberos
79,La Estrella,https://app.bomberos.cl/info_crpo_web/?id=79,logos/79_La Estrella.png,71.149.400-6,239,12-02-1972,Manuel Rodríguez 878,965125271,Fernanda Orellana Herrera,Maximiliano Andrés Fernández Caro,1,desde_app_bomberos
80,San Fernando,https://app.bomberos.cl/info_crpo_web/?id=80,logos/80_San Fernando.png,70.006.900-1,35,15-11-1899,Argomedo 615,(72) 711247 NGN 147,Juan Daniel Cornejo Zavalla,Mauricio Andres Gallardo Duarte,6,desde_app_bomberos
81,San Francisco De Mostazal,https://app.bomberos.cl/info_crpo_web/?id=81,logos/81_San Francisco De Mostazal.png,81.820.400-0,132,21-01-1948,Independencia 119,(72) 491070,Hilda Abigail Gutierrez Pandorfa,Sergio Andres Oses Cifuentes,2,desde_app_bomberos
82,San Vicente De T. T.,https://app.bomberos.cl/info_crpo_web/?id=82,logos/82_San Vicente De T T.jpg,81.646.900-7,84,19-04-1931,Tagua Tagua 370,(72) 572196,Raúl Hernán Moscoso López,Claudio Antonio Araya Espinoza,5,desde_app_bomberos
83,Santa Cruz,https://app.bomberos.cl/info_crpo_web/?id=83,logos/83_Santa Cruz.jpg,81.811.500-8,130,04-05-1947,Díaz Besoaín 141,(72) 822310,Manuel Edmundo Arenas Albornoz,Pablo Andrés Jiménez Jiménez,6,desde_app_bomberos
84,Cauquenes,https://app.bomberos.cl/info_crpo_web/?id=84,logos/84_Cauquenes.jpg,70.008.500-7,66,25-08-1922,Victoria 885,732511211,Victor Irenio Fuentes Moraga,Juan Aldo Borella Morales,8,desde_app_bomberos
85,Colbún,https://app.bomberos.cl/info_crpo_web/?id=85,logos/85_Colbún.pjpeg,72.229.400-9,276,20-12-1991,"Manuel Jesús Silva, Villa Central 412",(73) 351122,Silvia Isabel Zuñiga Barrios,Cristian Antonio Pinto Burgos,2,desde_app_bomberos
86,Constitución,https://app.bomberos.cl/info_crpo_web/?id=86,logos/86_Constitución.jpg,81.811.700-0,81,12-10-1930,Vial 350,71-2675969 oficina central,Gerardo Enrique Saez Espinoza,Cristian Rodrigo González Muñoz,6,desde_app_bomberos
87,Cumpeo,https://app.bomberos.cl/info_crpo_web/?id=87,logos/87_Cumpeo.png,74.389.100-7,275,18-03-1987,"MAXIMILIANO GATICA S/n, CUMPEO",71-2291034,Alejandra Vergara Oyarce,Cesar Andres Muñoz Muñoz,3,desde_app_bomberos
88,Curepto,https://app.bomberos.cl/info_crpo_web/?id=88,logos/88_Curepto.pjpeg,71.093.000-7,265,13-10-1982,Rvdo. José Cappel 1,"(75) 2690143, 2690130",Mariela De Las Mercedes Rojas Andrades,Lidio Antonio Castillo Cerpa,3,desde_app_bomberos
89,Curicó,https://app.bomberos.cl/info_crpo_web/?id=89,logos/89_Curicó.jpg,70.003.100-4,24,24-06-1888,Arturo Prat Y Membrillar S/n,(75) 2318850,Jorge Eugenio González Ruz,Luciano Lorenzo Moraga Matus,8,desde_app_bomberos
90,Chanco,https://app.bomberos.cl/info_crpo_web/?id=90,logos/90_Chanco.png,81.749.300-9,200,07-12-1960,abdon fuentealba 334,073-551262 - 634337,Pablo Andres Velozo Alvarez,José Miguel Alejandro Espinosa Fuentealba,5,desde_app_bomberos
91,Empedrado,https://app.bomberos.cl/info_crpo_web/?id=91,logos/91_Empedrado.png,71.011.000-k,232,16-04-1969,Bernardo O'Higgins 274,(71) 1971137,Ricardo López Valdés,Carlos Alberto Muñoz Toro,1,desde_app_bomberos
92,Hualañé,https://app.bomberos.cl/info_crpo_web/?id=92,logos/92_Hualañé.jpg,83.015.400-0,214,27-11-1966,11 de Septiembre S/N,(75) 481014,Alexandro Esteban Garrido Alvarez,Hernán Felipe Silva Díaz,4,desde_app_bomberos
93,Licantén,https://app.bomberos.cl/info_crpo_web/?id=93,logos/93_Licantén.png,82.487.900-1,182,16-10-1960,"Alejandro Rojas 162, Barrio",(75) 460048 - 545161,Juan Miguel Contardo Sepúlveda,Francisco Manuel Calquín Gamboa,2,desde_app_bomberos
94,Linares,https://app.bomberos.cl/info_crpo_web/?id=94,logos/94_Linares.png,70.007.900-7,33,04-10-1896,Valentín Letelier 199,(73) 213222 - 210172,Mario Raul Fariña Rosales,Carlos Alberto Vasquez Contreras,5,desde_app_bomberos
95,Longaví,https://app.bomberos.cl/info_crpo_web/?id=95,logos/95_Longaví.jpg,81.793.300-9,199,06-10-1962,Uno Sur 184,(73) 411339,Victor Manuel Burgos Almuna,Exequiel Matías Rivera Flores,4,desde_app_bomberos
96,Llico,https://app.bomberos.cl/info_crpo_web/?id=96,logos/96_Llico.jpg,71.106.100-2,218,22-08-1967,"San Antonio 295, llico",(75) 400015,Evelyn Tamara Bravo Correa,José Fabian Bravo González,2,desde_app_bomberos
97,Molina,https://app.bomberos.cl/info_crpo_web/?id=97,logos/97_Molina.jpg,81.705.200-2,114,25-02-1943,Independencia 1757,752491116,Juan Alejandro Cifuentes Tapia,Marcelo Esteban Muñoz Garcia,5,desde_app_bomberos
98,Las Cabras,https://app.bomberos.cl/info_crpo_web/?id=98,logos/98_Las Cabras.jpeg,71.384.600-7,174,22-06-1958,San Martín 835,(72)2 501128,Juan Luis Fabia López,Manuel Antonio Fabia López,5,desde_app_bomberos
99,Litueche,https://app.bomberos.cl/info_crpo_web/?id=99,logos/99_Litueche.jpg,71.785.300-8,234,14-06-1969,Hermanos Carrera 1148,(72) 851074,Cesar Antonio Soto Donoso,Raul Antonio Morales Navarro,2,desde_app_bomberos
100,Machalí,https://app.bomberos.cl/info_crpo_web/?id=100,logos/100_Machalí.png,83.010.200-0,121,01-06-1945,Miranda 449,722411213 - 722412215,Jose Eduardo Montecinos Palacios,Cristian Soto Fuentes,3,desde_app_bomberos
101,Malloa,https://app.bomberos.cl/info_crpo_web/?id=101,logos/101_Malloa.png,71.080.500-8,257,08-07-1979,La Gloria 65,(72) 387003,Carlos Alejandro Yañez Mella,Luis Nilson Cantillana Garcia,4,desde_app_bomberos
102,Marchigue,https://app.bomberos.cl/info_crpo_web/?id=102,logos/102_Marchigue.jpg,71.170.000-5,240,10-03-1972,Carlos Ortiz 430,(72) 2831175,Cristian Andres Fuentes Aravena,Maykold Antonio Cabello Diaz,4,desde_app_bomberos
103,Nancagua,https://app.bomberos.cl/info_crpo_web/?id=103,logos/103_Nancagua.png,70.036.800-9,148,15-10-1952,Armando Jaramillo 118,(72) 858390 - 858166,José Froilan Farias Donoso,Guillermo Jose Verdugo Tolorza,2,desde_app_bomberos
104,Navidad,https://app.bomberos.cl/info_crpo_web/?id=104,logos/104_Navidad.jpg,71.516.700-k,269,11-04-1987,Juan Montes S/n,945218739,Wladimir Marcelo Paredes Roque,Ramón Ignacio Osorio Farias,3,desde_app_bomberos
105,Olivar,https://app.bomberos.cl/info_crpo_web/?id=105,logos/105_Olivar.jpeg,70.687.100-4,233,25-04-1969,CAMINO A TERMAS 680,996421894,Rodrigo Marcelo Muñoz Suárez,Patricio Andres Soto Reyes,3,desde_app_bomberos
106,Peumo,https://app.bomberos.cl/info_crpo_web/?id=106,logos/106_Peumo.jpg,81.622.100-5,82,08-10-1930,Walter Martínez 364,(72) 2561466,Luis Alejandro Granifo Quinteros,Claudio Antonio Araya Espinoza,3,desde_app_bomberos
107,Peralillo,https://app.bomberos.cl/info_crpo_web/?id=107,logos/107_Peralillo.jpg,71.265.000-1,247,07-12-1974,ERRAZURIZ 311,722861351,Eladio Vladimir Astudillo Cáceres,Claudio Antonio Cruz Martínez,3,desde_app_bomberos
108,Pichidegua,https://app.bomberos.cl/info_crpo_web/?id=108,logos/108_Pichidegua.png,70.691.700-4,142,22-12-1967,Covadonga 17,72-2591333,Luis Alejandro Granifo Quinteros,Fredy Segundo Gonzalez Arriaza,3,desde_app_bomberos
109,Pichilemu,https://app.bomberos.cl/info_crpo_web/?id=109,logos/109_Pichilemu.png,70.008.100-1,221,04-12-1945,San Antonio 124,(72) 2841001,Ivan Felipe Bozo Cáceres,Hector Eduardo Morales Moraga,4,desde_app_bomberos
110,Pumanque,https://app.bomberos.cl/info_crpo_web/?id=110,logos/110_Pumanque.jpg,71.604.700-8,248,13-01-1975,Rosario 710,(72) 824704 - 09-76251653,Nicolas Osvaldo Gonzalez Barraza,Marcial Ruben Argomedo Donoso,2,desde_app_bomberos
111,Placilla,https://app.bomberos.cl/info_crpo_web/?id=111,logos/111_Placilla.png,70.648.800-6,204,20-11-1963,Miraflores 697,(72) 2858606,Arnoldo Yonathan Salvatierra Correa,Cristian Enrique Lopez Mella,1,desde_app_bomberos
113,Rancagua,https://app.bomberos.cl/info_crpo_web/?id=113,logos/113_Rancagua.jpg,81.478.800-8,16,12-02-1882,"Brasil 860, centro rancagua",(72) 2222984 - 2222233,Raúl Octavio Montecinos Reveco,Marcos Martin Fernández Paredes,8,desde_app_bomberos
114,Rengo,https://app.bomberos.cl/info_crpo_web/?id=114,logos/114_Rengo.png,70.000.900-9,29,08-12-1893,Alonso de Ercilla 645,(72) 511992 - 511349,Raul Morales Matus,Manuel Aladin Maldonado Muñoz,4,desde_app_bomberos
115,Requínoa,https://app.bomberos.cl/info_crpo_web/?id=115,logos/115_Requínoa.jpg,70.603.100-6,171,17-10-1957,Guillermo Shell Norte 142,(72) 551080,Joaquin Alfonso Caceres Carvajal,Cesar Emilio Rebolledo Gana,3,desde_app_bomberos
116,Parral,https://app.bomberos.cl/info_crpo_web/?id=116,logos/116_Parral.jpg,70.014.440-2,63,15-08-1914,dieciocho 685,732462600,Stefano Alberto Sigala Luna,Mauricio Alejandro Araya Garrido,6,desde_app_bomberos
117,Pelluhue,https://app.bomberos.cl/info_crpo_web/?id=117,logos/117_Pelluhue.jpg,65.819.700-2,267,11-11-1985,"Miguel Grau 160, CURANIPE",979685032,Paola Loreto Acosta Allendes,Ramón Antonio Muñoz Garrido,3,desde_app_bomberos
118,Retiro,https://app.bomberos.cl/info_crpo_web/?id=118,logos/118_Retiro.png,70.014.420-8,201,23-04-1963,Errázuriz 275,73 2 421026,Nicolas Matias Perez Briones,Pablo Ignacio Fuentes Sanhueza,4,desde_app_bomberos
119,Rauco,https://app.bomberos.cl/info_crpo_web/?id=119,logos/119_Rauco.png,75.813.000-2,279,06-10-1994,Sta. María S/n,(75) 441082,Víctor Hugo Torres Quitral,Ivan Eduardo Andres Morales Aguilera,2,desde_app_bomberos
120,Romeral,https://app.bomberos.cl/info_crpo_web/?id=120,logos/120_Romeral.pjpeg,70.605.100-7,222,27-12-1967,Oscar Bonilla 60,(75) 431030,Pedro Wilson Ponce Orellana,Juan Pablo Ponce Cavalla,3,desde_app_bomberos
121,Sagrada Familia,https://app.bomberos.cl/info_crpo_web/?id=121,logos/121_Sagrada Familia.jpg,74.904.500-0,281,25-05-1995,esperanza s/n,(75) 451089,Luis Armando Daza Retamal,Rodrigo Cisterna Perez,4,desde_app_bomberos
122,San Clemente,https://app.bomberos.cl/info_crpo_web/?id=122,logos/122_San Clemente.pjpeg,70.009.700-5,163,20-10-1955,"Huamachuco 1125, San clemente",(71)2 621272,Sergio Patricio Quezada Mercado,Christian Elias Bravo Mujica,7,desde_app_bomberos
123,San Javier De Loncomilla,https://app.bomberos.cl/info_crpo_web/?id=123,logos/123_San Javier De Loncomilla.png,65.082.829-1,45,30-07-1905,Loncomilla 2465,(73) 2 -  634308 - 634309,Claudia Andrea Bravo Salazar,Mario Oltra Gouet,7,desde_app_bomberos
124,Talca,https://app.bomberos.cl/info_crpo_web/?id=124,logos/124_Talca.png,82.104.800-1,8,01-10-1870,2 Sur 1160,(56-71) 2214402 - 2232222 - 2231599,Victor Manuel San Martin Ortega,Francisco Esteban Iturra Andrades,9,desde_app_bomberos
125,San Rafael,https://app.bomberos.cl/info_crpo_web/?id=125,logos/125_San Rafael.jpg,65.053.740-8,283,10-07-1997,Calle Ignacio Bascuñan 450,(71) 2651844 - +56975484779,David Meyer Palma,Jose Cristian Rojas Apablaza,2,desde_app_bomberos
126,Teno,https://app.bomberos.cl/info_crpo_web/?id=126,logos/126_Teno.pjpeg,70.006.400-k,103,08-01-1940,Comalle 108,(75) 2 411035,Nancy María Gómez Ramírez,Manuel Rodrigo Céspedes Mezas,5,desde_app_bomberos
127,Villa Alegre,https://app.bomberos.cl/info_crpo_web/?id=127,logos/127_Villa Alegre.jpg,81.670.800-1,202,20-06-1963,Abate Molina 939,732 381591,José Miguel Gutiérrez Solar,Sabrina Milisen Sobarzo Mejías,3,desde_app_bomberos
128,Yerbas Buenas,https://app.bomberos.cl/info_crpo_web/?id=128,logos/128_Yerbas Buenas.jpg,70.834.400-1,255,12-10-1978,Centenario 66,(73)2390046,Eduardo Alberto Muñoz Muñoz,Felipe Andres Elgueta Rogel,3,desde_app_bomberos
129,Antuco,https://app.bomberos.cl/info_crpo_web/?id=129,logos/129_Antuco.png,72.430.500-8,262,04-09-1982,Sargento Aldea 15,(43) 621034,Diego Francisco Peña Gutiérrez,Pablo Felipe Saldias Arias,2,desde_app_bomberos
130,Arauco,https://app.bomberos.cl/info_crpo_web/?id=130,logos/130_Arauco.jpg,70.007.300-9,146,30-09-1951,Caupolicán 310,(41) 2551914,Edgardo Joaquin Cruz Figueroa,Jerman Muñoz Pacheco,6,desde_app_bomberos
131,Bulnes,https://app.bomberos.cl/info_crpo_web/?id=131,logos/131_Bulnes.jpg,70.009.000-0,106,12-09-1940,Manuel Bulnes 225,(42) 2631380 - (42)-2630152,Francisco Javier Octavio Zapata Quilodran,Mauricio Manuel Inostroza Salas,3,desde_app_bomberos
132,Cabrero,https://app.bomberos.cl/info_crpo_web/?id=132,logos/132_Cabrero.jpg,70.941.800-9,198,19-08-1962,Zañartu 169,(43) 411016,Valentina Yolanda Muñoz Arroyo,Cristian Danilo Olate Coronado,5,desde_app_bomberos
133,Cañete,https://app.bomberos.cl/info_crpo_web/?id=133,logos/133_Cañete.png,82.182.800-7,122,14-09-1945,Condell 350,(41) 2613118 - (41) 2612787,Bernardo Gonzalo Cuevas Carrera,Juan Ortíz Velasquez,7,desde_app_bomberos
134,Cobquecura,https://app.bomberos.cl/info_crpo_web/?id=134,logos/134_Cobquecura.jpg,75.946.760-4,286,23-06-1999,Independencia 43,(42) 1971857,Marcelo Alejandro Cerda Cofre,Claudio Antonio Bustos Alarcon,3,desde_app_bomberos
135,El Monte,https://app.bomberos.cl/info_crpo_web/?id=135,logos/135_El Monte.jpg,70.036.700-2,141,06-04-1951,Los Libertadores 450,(2) 28182622,Juan Hernández Ojeda,Jorge Alberto Saba Labbé,2,desde_app_bomberos
136,Isla De Maipo,https://app.bomberos.cl/info_crpo_web/?id=136,logos/136_Isla De Maipo.jpg,70.035.600-0,197,05-08-1962,Santelices 154,(02) 8192801 - 8192889,Israel Fernando Tapia Poblete,Nicolas Ventura García-Huidobro,4,desde_app_bomberos
138,La Granja,https://app.bomberos.cl/info_crpo_web/?id=138,logos/138_La Granja.jpeg,81.852.300-9,140,10-07-1950,Argentina 2095,22 860 6010,Luis Hugo Fuenzalida Diaz,Jorge Fernandez Rubio,5,desde_app_bomberos
139,Maipú,https://app.bomberos.cl/info_crpo_web/?id=139,logos/139_Maipú.png,70.003.400-3,156,21-05-1954,5 De Abril 258,225316046,Fernando Antonio Molina García,Claudio Andres Salinas Gonzalez,9,desde_app_bomberos
140,María Pinto,https://app.bomberos.cl/info_crpo_web/?id=140,logos/140_María Pinto.jpg,70.908.200-0,190,07-01-1962,Santa Emilia. S/n,+56 9 50981268,David Osvaldo Moyano Ruiz,Juan Pablo Rojas Vera,2,desde_app_bomberos
141,Melipilla,https://app.bomberos.cl/info_crpo_web/?id=141,logos/141_Melipilla.jpg,81.598.600-8,56,17-07-1910,Serrano 591,228317349 - 224195550,Juan Ramón Vera Martinez,Luis Mondaca Rojas,7,desde_app_bomberos
142,Ñuñoa,https://app.bomberos.cl/info_crpo_web/?id=142,logos/142_Ñuñoa.jpg,70.003.700-2,86,27-05-1933,José Pedro Alessandri 845,(02) 2371993,Gabriel Moya Venegas,Juan Quevedo Brugere,11,desde_app_bomberos
143,Paine,https://app.bomberos.cl/info_crpo_web/?id=143,logos/143_Paine.pjpeg,71.501.100-K,270,16-05-1987,"Luis Bahamondes 0108, Villa Las Lomas de Paine",442164327,Patricio Dagoberto Carrasco Moreno,Diego Jose Alvarez Araya,5,desde_app_bomberos
144,Peñaflor,https://app.bomberos.cl/info_crpo_web/?id=144,logos/144_Peñaflor.jpg,70.014.700-2,123,06-11-1945,21 De Mayo 4234,(2) 28128057 (2)28120182 - (2)28125944,Hernán Humberto Gijón Peñaloza,Claudio Antonio Navarro Basoalto,6,desde_app_bomberos
145,Puente Alto,https://app.bomberos.cl/info_crpo_web/?id=145,logos/145_Puente Alto.jpeg,81.769.700-3,95,29-09-1936,Balmaceda 482,22 8729139 - 22 8729123,Juan Ramon Gomez Bueno,Sergio Jovino Pinilla Rosales,9,desde_app_bomberos
146,Quilicura,https://app.bomberos.cl/info_crpo_web/?id=146,logos/146_Quilicura.jpg,82.070.000-7,155,29-01-1954,José Pedro Escobar 040,(2) 6035561- 6032647 - 6034391,Juan Osorio Morales,Carlos Alcides Cid Jarpa,4,desde_app_bomberos
147,Quinta Normal,https://app.bomberos.cl/info_crpo_web/?id=147,logos/147_Quinta Normal.png,83.015.200-8,112,18-12-1942,"Martinez de Rosas 4700, .",2 7735858 - 2 7733370,Andrés Sepúlveda Vergara,Jadhi Jhonns Henriquez Nuñez,11,desde_app_bomberos
148,San Bernardo,https://app.bomberos.cl/info_crpo_web/?id=148,logos/148_San Bernardo.jpg,82.310.800-1,40,20-12-1903,Covadonga 459,(2) 8592594 - 8792660,Gerardo Allende March,Juan Borquez Correa,9,desde_app_bomberos
149,San José De Maipo,https://app.bomberos.cl/info_crpo_web/?id=149,logos/149_San José De Maipo.jpg,70.576.700-9,162,12-10-1955,Camino El Volcán 20426,(2) 8611530,Juan Alejandro Flores Cuevas,José Ricardo Martínez Rojas,5,desde_app_bomberos
150,Futrono,https://app.bomberos.cl/info_crpo_web/?id=150,logos/150_Futrono.png,70.541.400-9,244,21-05-1942,Alessandri 05,(63) 2481101,Carlos Hernán Guarda Zaffaroni,Rodrigo Alejandro Sepulveda Carrasco,5,desde_app_bomberos
151,Hualaihué,https://app.bomberos.cl/info_crpo_web/?id=151,logos/151_Hualaihué.png,75.990.990-9,282,18-04-1994,Los Colonos S/N,982095726,Juan Gavino Melipillan Parancan,Francisco Javier Negron Perez,2,desde_app_bomberos
152,Huellelhue,https://app.bomberos.cl/info_crpo_web/?id=152,logos/152_Huellelhue.png,70.534.500-7,180,25-08-1959,Cuartel De Bomberos S/n,(063) 1271022,Zaida Alejandra Langer Matus,Claudio Rodrigo San Vásquez,1,desde_app_bomberos
153,Lago Ranco,https://app.bomberos.cl/info_crpo_web/?id=153,logos/153_Lago Ranco.png,71.209.600-4,158,03-09-1954,"Antofagasta 143, CENTRO",63 491222 / 63 2491451,Juan Segundo Uribe Sanhueza,Luis Alfredo Inostroza Vergara,5,desde_app_bomberos
154,Lanco,https://app.bomberos.cl/info_crpo_web/?id=154,logos/154_Lanco.png,70.011.050-8,92,09-01-1936,Dieciocho 170,(63) 2442555 - 2335203,José Emilio Alarcón Barrenechea,Michael Robinson Navarro Castro,5,desde_app_bomberos
155,Las Cascadas,https://app.bomberos.cl/info_crpo_web/?id=155,logos/155_Las Cascadas.jpg,81.746.900-0,205,08-05-1964,"VICENTE PEREZ ROSALES 159, LAS CASCADAS",(64) 2 396232,Víctor Hugo Borkert Angulo,Hugo Alfredo Manríquez Silva,1,desde_app_bomberos
156,Los Lagos,https://app.bomberos.cl/info_crpo_web/?id=156,logos/156_Los Lagos.png,81.596.600-7,116,05-11-1943,Quinchilca 17,(63) 461222,Juan Carlos Jil Martínez,Miguel Segovia Núñez,6,desde_app_bomberos
157,Los Muermos,https://app.bomberos.cl/info_crpo_web/?id=157,logos/157_Los Muermos.jpg,70.690.200-7,143,27-07-1951,José M. Balmaceda 301,(65) 211600,Claudio Rodrigo Subiabre Diaz,Xavier Alejandro Vargas Nuñez,5,desde_app_bomberos
158,Llanquihue,https://app.bomberos.cl/info_crpo_web/?id=158,logos/158_Llanquihue.png,70.278.600-2,77,12-05-1929,"Baquedano 1001, CENTRO",(65) 2243570,Nelson Ricardo Catalan Leiva,Fabian Esteban Aguilar Garces,6,desde_app_bomberos
159,Máfil,https://app.bomberos.cl/info_crpo_web/?id=159,logos/159_Máfil.png,70.016.660-0,178,05-07-1959,Bernardo O'higgins 260,(63) 411222 - 411213,Genoveva Haydee Molina Soto,Erich Oriel González Aedo,2,desde_app_bomberos
160,Malalhue,https://app.bomberos.cl/info_crpo_web/?id=160,logos/160_Malalhue.png,71.199.000-3,219,21-07-1966,Covadonga 37,632316232,Nelson Octavio Seguel Diaz,Carlos Rogelio Aguayo Neichuel,3,desde_app_bomberos
161,Maullín,https://app.bomberos.cl/info_crpo_web/?id=161,logos/161_Maullín.png,82.477.600-8,54,23-10-1909,Almeyda S/n,65 451739,Juan Esteban González Cárcamo,Victor Hugo Montealegre Barria,5,desde_app_bomberos
162,Mehuin,https://app.bomberos.cl/info_crpo_web/?id=162,logos/162_Mehuin.png,60.071.398-1,237,28-04-1971,Carlos Acharán S/n,(063) 456232 - (063) 456272,Washington Vega Valenzuela,Bernardo Sepulveda Perez,1,desde_app_bomberos
163,Osorno,https://app.bomberos.cl/info_crpo_web/?id=163,logos/163_Osorno.jpg,70.002.300-1,5,27-08-1865,Manuel Antonio Matta 790,(64) 2553181,German Alberto Vidal Gonzalez,Joaquin Javier Rupertus Torres,10,desde_app_bomberos
164,Paillaco,https://app.bomberos.cl/info_crpo_web/?id=164,logos/164_Paillaco.jpg,71.674.300-4,98,15-12-1938,Carlos Acharán Arce 872,632421222,Cristian Felipe Yaeger Villanueva,Harry Orlando Alvarez Millachine,5,desde_app_bomberos
165,Panguipulli,https://app.bomberos.cl/info_crpo_web/?id=165,logos/165_Panguipulli.png,81.864.400-0,147,01-10-1952,"Clodomiro Figueroa esquina Diego Portales Sin Numero, Sector Terminal de Buses Municipal",(63) 312171,Rodolfo Alejandro Zúñiga Neira,Jorge Andres Sepúlveda Uribe,9,desde_app_bomberos
166,Pichirropulli,https://app.bomberos.cl/info_crpo_web/?id=166,logos/166_Pichirropulli.png,81.865.500-2,125,08-05-1951,"Independencia 259, Pichi Ropulli",632426232,Luis Rigoberto Poblete Salgado,Remigio Eduardo Saavedra Solis,1,desde_app_bomberos
167,Puerto Octay,https://app.bomberos.cl/info_crpo_web/?id=167,logos/167_Puerto Octay.jpeg,70.001.780-K,46,14-04-1907,Pedro Montt 507,(64) 391222,Patricio Norberto Kahler Hausdorf,Hector Eugenio Carrasco Ampuero,3,desde_app_bomberos
169,San Pedro de Melipilla,https://app.bomberos.cl/info_crpo_web/?id=169,logos/169_San Pedro de Melipilla.png,75.285.300-2,277,19-04-1993,Hermosilla 15,22 8326500,Marcelo Alex Torres Cayupi,Sebastian Alejandro De Jesus Chailan Mateluna,6,desde_app_bomberos
170,Santiago,https://app.bomberos.cl/info_crpo_web/?id=170,logos/170_Santiago.jpg,81.450.600-2,3,20-12-1863,"Santo Domingo 978, Santiago",(2) 23061500,Gabriel Marcelo Huerta Torres,Giorgio Felipe Tromben Marcone,22,desde_app_bomberos
171,Talagante,https://app.bomberos.cl/info_crpo_web/?id=171,logos/171_Talagante.jpg,81.554.000-K,119,13-04-1945,Bernardo O'Higgins 1239,(22) 8151810 - 8157163 - 8151140,Juan Pablo Griñen Arce,Felipe Manuel Garate Moya,4,desde_app_bomberos
172,Til Til,https://app.bomberos.cl/info_crpo_web/?id=172,logos/172_Til Til.jpg,81.976.700-9,175,26-10-1958,Emilio Valle 057,(2) 8461283 - 8461978,Angel Gabriel Sandoval Zubicueta,Luis Alejandro Astorga Guzman,5,desde_app_bomberos
173,Villa Alhué,https://app.bomberos.cl/info_crpo_web/?id=173,logos/173_Villa Alhué.png,75.976.410-2,285,26-06-1999,21 de mayo 375,966042016,Carlos Alberto Cantillana Gonzalez,Juan Sebastian Cantillana Araya,4,desde_app_bomberos
174,Tocopilla,https://app.bomberos.cl/info_crpo_web/?id=174,logos/174_Tocopilla.pjpeg,81.552.700-3,30,14-07-1894,"21 De Mayo 1561, Centro",552815768  / 552813232,Danny Pedro Fernández Díaz,Javier Carmona Jofré,3,desde_app_bomberos
175,Tirúa,https://app.bomberos.cl/info_crpo_web/?id=175,logos/175_Tirúa.png,75.959.150-K,289,29-10-1999,Guerrero S/n,(41) 2614088,Emilio Raul Quintana Alvarez,Hector Gerardo Silva Valdebenito,3,desde_app_bomberos
176,Trehuaco,https://app.bomberos.cl/info_crpo_web/?id=176,logos/176_Trehuaco.png,75.975.390-9,273,25-08-1998,Juan Mackenna 693,42-2523437,Danilo Eduardo Constanzo Placencia,Daniel Esteban Cárcamo San Martín,1,desde_app_bomberos
177,La Unión,https://app.bomberos.cl/info_crpo_web/?id=177,logos/177_La Unión.png,81.810.200-3,7,03-10-1869,Esmeralda 825,(64)2323097 - (64) 2320133,Jose Mauricio Barrera Manqui,Rodrigo Ignacio Mena Navarrete,6,desde_app_bomberos
178,Palena,https://app.bomberos.cl/info_crpo_web/?id=178,logos/178_Palena.jpeg,65.052.710-0,291,28-07-1961,Hurtado De Méndoza 760,(65) 2741248,Andrea Calbún Sáez,Oscar Ignacio Mendoza Rivadeneira,2,desde_app_bomberos
179,Paredones,https://app.bomberos.cl/info_crpo_web/?id=179,logos/179_Paredones.png,65.052.430-6,292,22-04-1962,Doctor Moore 82,72 824852,Carlos Jose Pino Sanchez,Pablo Guerra Gonzalez,3,desde_app_bomberos
180,Quilaco,https://app.bomberos.cl/info_crpo_web/?id=180,logos/180_Quilaco.png,65.109.770-3,293,13-03-2002,José Miguel Carrera S/n,(43) 581637,Karina Elizabeth Sanhueza Mendoza,Carlos Patricio Vera Jara,2,desde_app_bomberos
181,Hualqui,https://app.bomberos.cl/info_crpo_web/?id=181,logos/181_Hualqui.jpg,70.609.200-5,167,07-10-1956,"La Concepción 451, CEntro",(41) 2780496,Carlos Rodolfo Vildosola Vargas,Jaime Octavio Cafarena Chávez,3,desde_app_bomberos
182,Huépil,https://app.bomberos.cl/info_crpo_web/?id=182,logos/182_Huépil.jpg,70.008.200-8,194,11-05-1961,"INDEPENDENCIA 568, HUEPIL",4322110766 - 432210765-,Jorge Alfredo Rivera Araneda,Sebastian Alonso Martinez Rios,4,desde_app_bomberos
183,Laja,https://app.bomberos.cl/info_crpo_web/?id=183,logos/183_Laja.png,70.010.000-6,172,29-11-1957,"Balmaceda 10, Centro",(43) 461144,Carlos José Alvarez Burgos,Miguel Angel Carrasco Guerrero,3,desde_app_bomberos
184,Lebu,https://app.bomberos.cl/info_crpo_web/?id=184,logos/184_Lebu.png,71.388.600-9,42,18-02-1905,Ramón Freire 612,(41) 2511278,Nestor Joaquín Matamala Peña,Daniel Eduardo Herrera Riffo,6,desde_app_bomberos
185,Los Alamos,https://app.bomberos.cl/info_crpo_web/?id=185,logos/185_Los Alamos.jpg,71.078.900-2,238,25-01-1972,"Luis Sáez Mora 415, Centro",(41) 2533226,Hector Jaime Riquelme Saavedra,Jorge Alfredo Aguilera Aguilera,4,desde_app_bomberos
186,Los Ángeles,https://app.bomberos.cl/info_crpo_web/?id=186,logos/186_Los Ángeles.png,81.594.400-3,25,23-11-1888,"Avda. Ricardo Vicuña 410, centro",98723259 - 966559283 - 965194176,Eduardo Lopez Viveros,Rodrigo Godoy Villagran,9,desde_app_bomberos
187,Lota,https://app.bomberos.cl/info_crpo_web/?id=187,logos/187_Lota.jpg,70.015.700-8,31,12-05-1895,Galvarino Riveros 080,(41) 2876980,Luis Alberto Solar Jancinas,Marco Sebastián Bravo Hidalgo,5,desde_app_bomberos
188,Mulchén,https://app.bomberos.cl/info_crpo_web/?id=188,logos/188_Mulchén.png,81.549.900-K,55,30-11-1909,Aníbal Pinto 390,(43) 561589,Luis Marcelo Troncoso Muñoz,Patricio Alejandro Arellano Umaña,3,desde_app_bomberos
189,Nacimiento,https://app.bomberos.cl/info_crpo_web/?id=189,logos/189_Nacimiento.png,70.687.800-9,79,31-12-1929,San Martin 337,(43) 2524131,Jaime Valdebenito Oñate,Cesar Olayo Medina Novoa,4,desde_app_bomberos
190,Negrete,https://app.bomberos.cl/info_crpo_web/?id=190,logos/190_Negrete.jpg,71.546.300-8,193,16-04-1962,Luis Cruz Martínez 170,+56443697436,Julio César González Toloza,Eduardo Andres Torres Toro,3,desde_app_bomberos
191,Ninhue,https://app.bomberos.cl/info_crpo_web/?id=191,logos/191_Ninhue.jpg,71.409.500-5,264,16-09-1982,Héroes De La Concepción 403,422509277,Hector Bayron Guiñez Sanhueza,Victor Alfonso Medina Tapia,1,desde_app_bomberos
192,Ñipas,https://app.bomberos.cl/info_crpo_web/?id=192,logos/192_Ñipas.jpg,71.118.700-6,252,22-11-1976,Barros Luco 540,(42) 2541768,Gonzalo Del Carmen Urra Rabanal,Manuel Andres Garcia Santibañez,2,desde_app_bomberos
193,Ñiquén,https://app.bomberos.cl/info_crpo_web/?id=193,logos/193_Ñiquén.png,71.606.000-4,258,19-11-1980,Ernesto Zúñiga 143,(42) 1973240,Hector Enrique Torres Zuniga,Jaime Andres Rojas Garces,3,desde_app_bomberos
194,Pemuco,https://app.bomberos.cl/info_crpo_web/?id=194,logos/194_Pemuco.jpeg,71.104.800-6,225,01-05-1968,Padre Jorge Herrera Sepúlveda 333,422653021,Moisés Alejandro Wall Singer,Joel Abiathar Ocampo Osses,2,desde_app_bomberos
195,Penco,https://app.bomberos.cl/info_crpo_web/?id=195,logos/195_Penco.jpg,82.217.800-6,73,30-11-1927,Freire 202,(41) 2453670,Jamir Elias Alarcon Robles,Aaron Alejandro Jara Nancabil,5,desde_app_bomberos
196,Pinto,https://app.bomberos.cl/info_crpo_web/?id=196,logos/196_Pinto.jpg,71.357.400-7,261,06-04-1981,Ernesto Riquelme S/n,(42) 1973831,Andrés Alejandro Oliva Happacher,Carlos Romilio Navarrete Ormeño,3,desde_app_bomberos
197,Puerto Montt,https://app.bomberos.cl/info_crpo_web/?id=197,logos/197_Puerto Montt.jpg,81.505.200-5,4,19-06-1865,"Antonio Varas Y San Felipe S/n, CENTRO",652252818 - 652287110,Jaime Leonardo Jonshon Cardenas,Roberto Marcelo Angulo Alarcon,11,desde_app_bomberos
198,Puerto Varas,https://app.bomberos.cl/info_crpo_web/?id=198,logos/198_Puerto Varas.jpg,70.007.200-2,51,21-01-1908,"San Francisco 601, Centro",652233522,Victor Alfonso Soto Velasquez,Cristóbal Eduardo Hechenleitner Oyarzún,7,desde_app_bomberos
199,Puqueldon,https://app.bomberos.cl/info_crpo_web/?id=199,logos/199_Puqueldon.jpg,71.047.200-9,212,05-06-1966,Manuel Rodríguez S/n,(65) 677231,Victor Alejandro Vega Llanquin,Victor Alejandro Godoy Godoy,4,desde_app_bomberos
200,Purranque,https://app.bomberos.cl/info_crpo_web/?id=200,logos/200_Purranque.png,71.089.700-K,85,21-05-1931,Las Heras 325,(64) 351838,Carolina Isabel Pinda Guevara,Edgardo Alfonso Ceron Quilempan,5,desde_app_bomberos
201,Queilén,https://app.bomberos.cl/info_crpo_web/?id=201,logos/201_Queilén.jpg,71.149.800-1,49,08-12-1907,Pedro Aguirre Cerda 312,65 611232,Rene Hernan Vera Reuquen,Cristian Marcelo Muñoz Muñoz,2,desde_app_bomberos
202,Quellón,https://app.bomberos.cl/info_crpo_web/?id=202,logos/202_Quellón.jpeg,71.198.900-5,70,04-12-1926,Ramón Freire 217,(65) 682333,Claudio Alejandro Obando Martinez,Eduardo Alejandro Obando Martínez,6,desde_app_bomberos
203,Quemchi,https://app.bomberos.cl/info_crpo_web/?id=203,logos/203_Quemchi.pjpeg,82.476.400-K,43,26-03-1905,Pedro Montt 240,(65) 691232,Pablo Alberto Millalonco Cardenas,Alfonso Hermogenes Ulloa Ulloa,2,desde_app_bomberos
204,Reumén,https://app.bomberos.cl/info_crpo_web/?id=204,logos/204_Reumén.jpg,82.198.000-3,181,09-10-1960,Arauco 349,(63) 2277393,Erman Alez Roa Palma,Miguel Angel Espinoza Montesinos,3,desde_app_bomberos
205,Riachuelo,https://app.bomberos.cl/info_crpo_web/?id=205,logos/205_Riachuelo.jpg,70.010.200-9,126,14-01-1946,Pedro De Valdivia 350,923854319,Claudio Alex Soto Vargas,Carlos Israel Fuentes García,1,desde_app_bomberos
206,Río Bueno,https://app.bomberos.cl/info_crpo_web/?id=206,logos/206_Río Bueno.png,81.976.800-5,39,29-11-1903,"SAN MARTIN 1542 2 PISO, CENTRO",662341222/ 642341888/ 642341876,Ariel Edmundo Delgado Alvarez,Aladin Rolando Burgos Toro,6,desde_app_bomberos
208,San José De La Mariquina,https://app.bomberos.cl/info_crpo_web/?id=208,logos/208_San José De La Mariquina.png,81.598.800-0,90,10-10-1935,Carlos acharan arce s/n,(63) 451222 - 451250,Patricio Alejandro Oporto Maldonado,Sergio Gallardo Banda,6,desde_app_bomberos
209,San Juan De La Costa,https://app.bomberos.cl/info_crpo_web/?id=209,logos/209_San Juan De La Costa.jpg,74.315.300-6,266,13-07-1983,"Avenida costanera, Bahía Mansa S/N, Bahía Mansa",942092953,Sergio Andres Casanova Alvarado,Gustavo Sebastian Vera Villagra,3,desde_app_bomberos
210,San Pablo,https://app.bomberos.cl/info_crpo_web/?id=210,logos/210_San Pablo.jpg,82.173.300-6,217,16-08-1967,Cruz 516,(64) 381222,Roberto Ernestor Mancilla Henriquez,Andres Alejandro Riquelme Hueitra,4,desde_app_bomberos
211,Valdivia,https://app.bomberos.cl/info_crpo_web/?id=211,logos/211_Valdivia.jpeg,82.983.700-5,10,12-02-1853,"Camilo Henríquez 307, Centro",632212222,Jorge Gabriel Sánchez Aguilar,Mario Rodolfo Estrada Alvial,10,desde_app_bomberos
212,Última Esperanza,https://app.bomberos.cl/info_crpo_web/?id=212,logos/212_Última Esperanza.jpeg,81.591.900-9,89,20-07-1935,Simón Bolivar 1455,(61) 410969,Ruben Ernesto Perez Gallardo,Sergio Alberto Ramirez Gallardo,4,desde_app_bomberos
213,Chile Chico,https://app.bomberos.cl/info_crpo_web/?id=213,logos/213_Chile Chico.png,74.998.800-2,179,05-08-1959,Bernardo O'higgins 705,(67) 411454,Miguel Gatica Saigg,Denise Bravo Veroiza,5,desde_app_bomberos
214,Puerto Aysén,https://app.bomberos.cl/info_crpo_web/?id=214,logos/214_Puerto Aysén.jpg,82.684.200-8,83,25-01-1931,Teniente Merino 600,(67) 573186,Carlos Arturo Díaz Rivera,Cristian Artemio Meza Piucol,8,desde_app_bomberos
215,Puerto Cisnes,https://app.bomberos.cl/info_crpo_web/?id=215,logos/215_Puerto Cisnes.png,71.441.800-9,271,07-06-1988,Gabriela Mistral 507,(67) 346595,Nicole Francisca Núñez Quiroz,Carlos Vega Retamal,9,desde_app_bomberos
216,Coyhaique,https://app.bomberos.cl/info_crpo_web/?id=216,logos/216_Coyhaique.png,81.747.800-K,99,16-04-1939,"Melinka 94, Población Las Nieves",(67) 2235413,Jorge Andres Vidal Pacheco,Gastón Alejandro Cuevas Almonacid,11,desde_app_bomberos
217,Porvenir,https://app.bomberos.cl/info_crpo_web/?id=217,logos/217_Porvenir.jpg,70.892.200-5,74,12-12-1928,Bernardo Phillipi 080,612-580364,José Antonio Mansilla Apablaza,Miguel Alejandro Vasquez Reyes,1,desde_app_bomberos
218,Puerto Williams,https://app.bomberos.cl/info_crpo_web/?id=218,logos/218_Puerto Williams.jpg,72.109.700-5,272,17-03-1988,O'Higgins 220,(61) 621172,Luis Tiznado Gonzalez,Sebastian Alexander Emmanuel Gonzalez Zapata,1,desde_app_bomberos
219,Punta Arenas,https://app.bomberos.cl/info_crpo_web/?id=219,logos/219_Punta Arenas.png,70.005.600-7,26,14-06-1889,"Chiloé 824, Centro",612 24 23 70,Patricio Alberto Cárdenas Agoni,Cristian Ariel Contreras Soto,11,desde_app_bomberos
220,Buin,https://app.bomberos.cl/info_crpo_web/?id=220,logos/220_Buin.png,82.477.900-7,75,01-12-1929,"Arturo Prat 657, centro",(2) 8213660 - 8212448,Salvador Antonio Zuñiga Allende,Manuel Leonardo Acevedo Pinochet,6,desde_app_bomberos
221,Curacaví,https://app.bomberos.cl/info_crpo_web/?id=221,logos/221_Curacaví.png,82.832.100-5,107,26-02-1941,Ambrosio O'Higgins 1599,(2) 28352488 - 28353130,Pablo Rodrigo González Cifuentes,Mauricio Alejandro Mardones Sepúlveda,4,desde_app_bomberos
222,Colina,https://app.bomberos.cl/info_crpo_web/?id=222,logos/222_Colina.png,70.248.300-K,187,07-10-1961,"Camino La Capilla S/N, Lote B - Parcela 5 05, Reina Norte, Colina",(22) 8441573 - 8441329,Cesar Valladares Mardones,Alejandro Parada Cespedes,8,desde_app_bomberos
223,Cochrane,https://app.bomberos.cl/info_crpo_web/?id=223,logos/223_Cochrane.jpg,71.202.300-7,259,10-01-1981,"Bernardo O'higgins 360, Cochrane",67-522111,Marcel Andre Camus Henriquez,Claudio Andrés Mancilla Arias,7,desde_app_bomberos
224,Conchalí,https://app.bomberos.cl/info_crpo_web/?id=224,logos/224_Conchalí.jpg,82.190.000-K,135,19-10-1948,Quilicura 2275,22736 20 70 - 22736 12 59,Juan Armando Durán Reyes,Gonzalo Andrés Morales Molina,8,desde_app_bomberos
225,Portezuelo,https://app.bomberos.cl/info_crpo_web/?id=225,logos/225_Portezuelo.jpg,70.614.200-2,235,16-05-1970,Pedro De Valdivia 361,(42) 571019,Adrián Alfredo Ortega Henríquez,Josè Patricio Pino Vergara,1,desde_app_bomberos
226,Quilleco,https://app.bomberos.cl/info_crpo_web/?id=226,logos/226_Quilleco.jpg,71.913.500-5,246,23-05-1974,Bascur Esq. Caupolicán S/n,432611102  - 967799663,Eladio Enrique Almendras Almendras,Alvaro Andres Dominguez Gatica,3,desde_app_bomberos
227,Quillón,https://app.bomberos.cl/info_crpo_web/?id=227,logos/227_Quillón.jpg,70.219.600-0,188,11-01-1962,Cayumanqui 344,(42) 581033,Cesar Erwin Montero Puentes,Andres Varas Amestica,4,desde_app_bomberos
228,Quirihue,https://app.bomberos.cl/info_crpo_web/?id=228,logos/228_Quirihue.jpg,71.452.800-9,153,26-06-1953,"ESMERALDA 825, Sector centro comunal",(42) 2531279,José Daniel Espinoza Roa,Pedro Antonio Dominguez Fuentes,2,desde_app_bomberos
229,San Carlos,https://app.bomberos.cl/info_crpo_web/?id=229,logos/229_San Carlos.jpg,81.891.400-8,68,01-06-1924,Vicuña Mackenna 450,(42) -2415089,Cristian Alejandro Sepulveda Campos,Ronald Danilo Fuentealba Ibañez,4,desde_app_bomberos
230,San Ignacio,https://app.bomberos.cl/info_crpo_web/?id=230,logos/230_San Ignacio.png,71.746.900-3,268,18-02-1986,ALCALDE REMBERTO VALDES 509,9-77455654,Jorge Andrés Flores Vera,Carlos Rafael Gonzalez Catrinao,3,desde_app_bomberos
231,San Nicolás,https://app.bomberos.cl/info_crpo_web/?id=231,logos/231_San Nicolás.jpeg,75.763.300-0,287,06-05-1983,Balmaceda 210,973547141,Felipe Godoy Torres,Joan Alejandro Jiménez Jiménez,2,desde_app_bomberos
232,San Rosendo,https://app.bomberos.cl/info_crpo_web/?id=232,logos/232_San Rosendo.jpg,81.750.900-2,118,05-04-1944,Pedro Montt 362,44 2903832,Gabriel Alejandro Sanchez Bascuñan,Esteban Ignacio Gonzalez Osben,3,desde_app_bomberos
233,Santa Bárbara,https://app.bomberos.cl/info_crpo_web/?id=233,logos/233_Santa Bárbara.png,82.686.900-3,138,31-07-1949,Manuel Rodríguez 031,(43) 581201,Christian Alex Faundez Lisboa,Iván Jara Salazar,5,desde_app_bomberos
234,San Pedro De La Paz,https://app.bomberos.cl/info_crpo_web/?id=234,logos/234_San Pedro De La Paz.png,75.961.170-5,290,21-11-1999,"Los Mañíos 1565, VILLA SAN PEDRO",(41) 2287473 - 412287480-413189425,Sebastián Andrés Matamala Cofre,Orlando Antonio Contreras Beltran,4,desde_app_bomberos
235,Santa Juana,https://app.bomberos.cl/info_crpo_web/?id=235,logos/235_Santa Juana.png,70.673.900-9,208,29-12-1964,"Yungay 186, CENTRO",(41) 2779132,Freddy Mauricio Pezo Mardones,Alexis Andrés Rivera Domínguez,2,desde_app_bomberos
236,Talcahuano,https://app.bomberos.cl/info_crpo_web/?id=236,logos/236_Talcahuano.png,81.939.300-1,20,16-05-1884,Gabriel Toro 175,412547378,Jorge Walter Hasen Peña Sandoval,Manuel Humberto Calvo Ceballos,10,desde_app_bomberos
237,Tomé,https://app.bomberos.cl/info_crpo_web/?id=237,logos/237_Tomé.png,82.110.200-6,27,28-09-1891,"Ignacio Serrano 1097, SECTOR CENTRO",(41) 2657198,Alejandro Andrés Mattas Henríquez,Roberto Sergio Araya Monsalve,7,desde_app_bomberos
238,Yumbel,https://app.bomberos.cl/info_crpo_web/?id=238,logos/238_Yumbel.png,81.892.100-4,177,21-05-1959,Bernardo O'Higgins 875,(43) 431080,Alex Rafael Chavarria Toledo,Bernardo Alejandro Navarrete Beltran,5,desde_app_bomberos
239,Yungay,https://app.bomberos.cl/info_crpo_web/?id=239,logos/239_Yungay.jpg,82.297.801-0,186,14-06-1961,Esmeralda 318,(42) 680038,Carlos Rodrigo Riquelme Castillo,Héctor Mauricio Canales Reyes,4,desde_app_bomberos
240,Angol,https://app.bomberos.cl/info_crpo_web/?id=240,logos/240_Angol.jpg,70.006.300-3,100,18-09-1939,Pedro Aguirre Cerda 451,452-715467,Pablo Andres Staub Muñoz,Jorge Eduardo Francisco Contreras Yañez,6,desde_app_bomberos
241,Capitán Pastene,https://app.bomberos.cl/info_crpo_web/?id=241,logos/241_Capitán Pastene.jpg,81.835.800-8,108,28-03-1941,Cucchi Boasso 364,(45) 2753081,Gildo Alberto Balocchi Leonelli,Carlo Alberto Balocchi Urbina,3,desde_app_bomberos
242,Carahue,https://app.bomberos.cl/info_crpo_web/?id=242,logos/242_Carahue.jpeg,82.190.100-6,129,31-01-1947,"avenida ercilla 300, centro",452651756 - 452652837,Daniel Orlando Saavedra Tessahuac,Hernan Alexi Agurto Monsalves,6,desde_app_bomberos
243,Collipulli,https://app.bomberos.cl/info_crpo_web/?id=243,logos/243_Collipulli.jpg,70.219.500-4,184,05-04-1961,"Alcazar 1261, Centro",(44) 2866953,Maria Pilar Canales Jeldres,Orlando Isaias Pacheco Salas,4,desde_app_bomberos
244,Cunco,https://app.bomberos.cl/info_crpo_web/?id=244,logos/244_Cunco.pjpeg,81.889.900-9,78,25-08-1929,Balmaceda 386,452573003,German Ramiro Valderrama Alvarez,Segundo Miguel Alvarez Parada,5,desde_app_bomberos
245,Curacautín,https://app.bomberos.cl/info_crpo_web/?id=245,logos/245_Curacautín.jpeg,81.811.800-7,168,16-11-1956,Arturo Prat 555,(45) 882846,Daniel Torres Lizama,Carlos Eduardo Sánchez García,5,desde_app_bomberos
246,Curarrehue,https://app.bomberos.cl/info_crpo_web/?id=246,logos/246_Curarrehue.png,72.179.100-9,243,12-10-1972,Bdo. O'higgins 487,(45) 1971558,Wendy Alexandra Undurraga Lira,Sebastian Adrian Gonzalez Hermosilla,3,desde_app_bomberos
247,Cherquenco,https://app.bomberos.cl/info_crpo_web/?id=247,logos/247_Cherquenco.png,71.671.400-4,72,31-07-1927,"Constitución 026, centro",(45) 566017,Jonathan Camilo Parra Muñoz,Darwin Octavio Farias Vega,3,desde_app_bomberos
248,Ercilla,https://app.bomberos.cl/info_crpo_web/?id=248,logos/248_Ercilla.jpg,70.675.000-2,215,25-01-1967,Rengo 400,(45) 817018,Erwin German Ruff Ruff,Rodrigo Alejandro Cortés Cifuentes,3,desde_app_bomberos
249,Freire,https://app.bomberos.cl/info_crpo_web/?id=249,logos/249_Freire.jpg,71.947.600-7,93,07-06-1936,Avenida Schleyer 172,(45) 391073,Hector Anibal Diaz Sepulveda,Carlos Roberto Campos Benavides,4,desde_app_bomberos
250,Galvarino,https://app.bomberos.cl/info_crpo_web/?id=250,logos/250_Galvarino.png,70.009.180-5,136,27-03-1949,Independencia 369,(45) 513035 - 513347,Carlos Andres Riffo Araneda,Oscar Joaquin Reidel Geoffroy,2,desde_app_bomberos
251,Gorbea,https://app.bomberos.cl/info_crpo_web/?id=251,logos/251_Gorbea.png,70.011.320-5,50,05-01-1908,Ramón Freire 699,(45) 491021,Santiago Hernán Sanhueza Prado,Matías Ignacio Guzmán Echeverría,3,desde_app_bomberos
252,Lastarria,https://app.bomberos.cl/info_crpo_web/?id=252,logos/252_Lastarria.png,81.949.500-9,209,22-01-1965,18 De Septiembre 351,(45) 2829304,Iván Leonidas Riquelme Marín,Magdiel Neftali Araya Garrido,2,desde_app_bomberos
253,Lautaro,https://app.bomberos.cl/info_crpo_web/?id=253,logos/253_Lautaro.png,81.597.000-4,48,24-10-1907,Francisco Bilbao 245,(45) - 53 19 05,Alejandro Eduardo Rosales Moraga,Claudio Andrés Paredes Poblete,5,desde_app_bomberos
254,LicanRay,https://app.bomberos.cl/info_crpo_web/?id=254,logos/254_LicanRay.jpg,70.524.600-9,242,18-09-1972,"Cacique Millaqueo 376, Licán-Ray",(45) 2 431274,Maximiliano Andres Fernández Ovalle,Juan Carlos Rainahuel Rainahuel,1,desde_app_bomberos
255,Loncoche,https://app.bomberos.cl/info_crpo_web/?id=255,logos/255_Loncoche.png,74.525.200-1,52,14-04-1908,Arturo Pratt 508,(45) 471085,Gladys Del Carmen Cerda Bonilla,Luis Cristian Rubio Flores,6,desde_app_bomberos
256,Lonquimay,https://app.bomberos.cl/info_crpo_web/?id=256,logos/256_Lonquimay.png,70.547.000-6,253,20-06-1977,O'Higgins 1195,045-891063 / 045-990314,Alexandra Nicol Cerda Cid,Juan Ignacio Leon Purran,5,desde_app_bomberos
257,Los Sauces,https://app.bomberos.cl/info_crpo_web/?id=257,logos/257_Los Sauces.pjpeg,71.519.900-9,101,02-10-1939,Independencia S/n,45 783030,Estefania Beatriz Riveros Pavez,Guillermo Rifo Catalán,4,desde_app_bomberos
258,Lumaco,https://app.bomberos.cl/info_crpo_web/?id=258,logos/258_Lumaco.jpg,70.219.700-7,224,14-04-1968,Balmaceda 453,452815093,Roque Eduardo Leonelli Regla,Carolina Del Carmen Ghiselini Sura,1,desde_app_bomberos
259,Melipeuco,https://app.bomberos.cl/info_crpo_web/?id=259,logos/259_Melipeuco.jpg,72.464.400-7,278,28-01-1994,Aurelio Letelier 400,(452) 581013,Daniela Francheska Campos Antiman,Wuilson Isac Suazo Soto,2,desde_app_bomberos
260,Nueva Imperial,https://app.bomberos.cl/info_crpo_web/?id=260,logos/260_Nueva Imperial.jpg,81.749.000-K,53,14-06-1909,"Vicuña Mackenna 430, centro",452612659 - 452990310,Ricardo Adán Peña Curifuta,Manuel Hernán Peña Beroíza,3,desde_app_bomberos
261,Perquenco,https://app.bomberos.cl/info_crpo_web/?id=261,logos/261_Perquenco.png,71.192.900-2,254,20-09-1977,"Orella 541, Sector centro urbano",45- 537026,Juan Luis Opazo Jofre,Alvaro Manuel Muñoz Montre,1,desde_app_bomberos
262,Pitrufquén,https://app.bomberos.cl/info_crpo_web/?id=262,logos/262_Pitrufquén.jpg,70.009.800-1,58,10-09-1911,Andrés Bello 841,45 391040 - 45 393348,Jaime Alejandro Obreque Toro,Felipe Andres Salazar Gonzalez,7,desde_app_bomberos
263,Pucón,https://app.bomberos.cl/info_crpo_web/?id=263,logos/263_Pucón.jpeg,82.183.000-1,115,03-10-1943,"Bernardo ohiggins 461, centro",452441969,Juan Elias Matus Castillo,Eduardo Pacian Rivera Ibacache,4,desde_app_bomberos
264,Puerto Saavedra,https://app.bomberos.cl/info_crpo_web/?id=264,logos/264_Puerto Saavedra.png,70.009.400-6,159,11-09-1954,Patricio Lynch 252,45 634061,Hugo Fernando Silva Nahuelcoy,Carlos Leonardo Fiedler Campos,3,desde_app_bomberos
265,Purén,https://app.bomberos.cl/info_crpo_web/?id=265,logos/265_Purén.png,70.620.100-9,207,24-11-1964,Tromen 1099,452793012,Ismael Rafael Eduardo Rivas Troncoso,Alexis Yuani Gutierrez Manriquez,2,desde_app_bomberos
266,Quitratúe,https://app.bomberos.cl/info_crpo_web/?id=266,logos/266_Quitratúe.jpeg,82.105.000-6,176,03-05-1959,"Jose Miguel Carrera, Quitratue 600",442461319,Boris Edmundo Aravena Robles,Mauricio Alberto Espinoza Villagran,2,desde_app_bomberos
267,Renaico,https://app.bomberos.cl/info_crpo_web/?id=267,logos/267_Renaico.png,70.007.100-6,150,24-11-1952,Caupolicán 100,(45) 774007,Bastián Alejandro Hidalgo Igor,Sebastian Andres Alarcon Espinoza,3,desde_app_bomberos
268,Temuco,https://app.bomberos.cl/info_crpo_web/?id=268,logos/268_Temuco.jpg,70.012.000-7,34,18-02-1899,Prieto Norte 430,(45) 210116 - 214702,Alfredo Rene Lassalle Calfunao,Claudio Gonzalo Fuentes Pacheco,14,desde_app_bomberos
269,Teodoro Schmidt,https://app.bomberos.cl/info_crpo_web/?id=269,logos/269_Teodoro Schmidt.jpg,72.322.600-7,274,13-01-1989,J.M. Balmaceda 300,+56452664016 -  NGN +56452464200,Dionicio Alberto Rifo Tejo,Carlos Gabriel Llanos Padilla,3,desde_app_bomberos
270,Toltén,https://app.bomberos.cl/info_crpo_web/?id=270,logos/270_Toltén.png,70.693.400-6,139,12-03-1950,"Bernardo O´Higgins 520, centro",(45) 671062,Rigoberto Aquiles Negron Santander,Rodrigo Holzapfel Astroza,5,desde_app_bomberos
271,Traiguén,https://app.bomberos.cl/info_crpo_web/?id=271,logos/271_Traiguén.png,81.835.000-7,117,09-12-1943,"Coronel Urrutia 330, plaza",(45) 861127- 862347,Javier Felidor Godoy Hernandez,Roberto Carlos Uribe Fuentes,4,desde_app_bomberos
272,Victoria,https://app.bomberos.cl/info_crpo_web/?id=272,logos/272_Victoria.jpg,81.751.000-0,134,13-01-1948,Ramírez 475,(45) 843966 - 841385 - 841352,Alberto Francisco Soto Ortega,Alvaro Alejandro Leon Parada,7,desde_app_bomberos
273,Vilcún,https://app.bomberos.cl/info_crpo_web/?id=273,logos/273_Vilcún.jpg,82.104.700-5,71,11-12-1926,A. Pratt 267,045-562103,Patricio Ramiro Quilacan Quintuman,Juan Pablo Mora Salas,3,desde_app_bomberos
274,Villarrica,https://app.bomberos.cl/info_crpo_web/?id=274,logos/274_Villarrica.jpg,70.439.200-1,94,12-08-1938,"Valentín Letelier 630, Centro",452411104-452416177,Carlos Augusto Mera Bastidas,Fidel René Ortega Quezada,5,desde_app_bomberos
275,Achao,https://app.bomberos.cl/info_crpo_web/?id=275,logos/275_Achao.png,70.050.400-K,36,24-01-1900,Zoilo Sierpe García 05,(65) 661411,Marcos Rene Uribe Oyarzún,Clobis Mauricio Oyarzo Oyarzo,5,desde_app_bomberos
276,Ancud,https://app.bomberos.cl/info_crpo_web/?id=276,logos/276_Ancud.jpg,81.500.800-6,2,12-02-1856,Eleuterio Ramírez 210,(065) 622326,Marcos Aurelio Villarroel Ruiz,Eduardo Andrés Díaz González,5,desde_app_bomberos
277,Antilhue,https://app.bomberos.cl/info_crpo_web/?id=277,logos/277_Antilhue.png,81.750.000-5,164,31-01-1956,Bernardo O'Higgins S/n,948175009,Victor Fica Fica,Natanael Rigoberto Albornoz Medina,1,desde_app_bomberos
278,Calbuco,https://app.bomberos.cl/info_crpo_web/?id=278,logos/278_Calbuco.jpg,82.160.200-9,37,31-08-1902,Ernesto Riquelme 116,65 2 461 846,Ivan Anselmo Vásquez Gómez,Carlos Almonacid Moraga,5,desde_app_bomberos
279,Castro,https://app.bomberos.cl/info_crpo_web/?id=279,logos/279_Castro.png,82.832.200-1,32,08-03-1896,"Bernardo O'Higgins 308, Sector Centro",65 2 633008,Mirko Santiago Cardenas Cartes,Nilsson Christopher Serey Fernandez,7,desde_app_bomberos
280,Corte Alto,https://app.bomberos.cl/info_crpo_web/?id=280,logos/280_Corte Alto.jpg,71.198.800-9,127,18-08-1946,"Vicuña Mackenna S/n, BARRIO",(64) 351243,Helmuth Cristobal Vera Alvarado,Alexis Alejandro Oporto Garcia,2,desde_app_bomberos
281,Corral,https://app.bomberos.cl/info_crpo_web/?id=281,logos/281_Corral.jpg,81.504.100-3,88,04-09-1934,"Miraflores 95, Corral Alto",(63) 2471370 / 2335205,Denis Raquel Bizama Vasquez,Ricardo Marcelo Atencio Coronado,4,desde_app_bomberos
282,Crucero,https://app.bomberos.cl/info_crpo_web/?id=282,logos/282_Crucero.jpg,71.467.300-9,189,16-11-1961,"TENIENTE ORELLA S/N, CRUCERO",64-2632544,Kerem Daniela Gonzalez Solis,José Namillanca Oyarzo,6,desde_app_bomberos
283,Curaco De Vélez,https://app.bomberos.cl/info_crpo_web/?id=283,logos/283_Curaco De Vélez.jpg,70.007.000-K,64,04-01-1917,"21 De Mayo 06, Frente a Plaza de Armas",(65) 2667392,America Belen Feria Atenas,Williams Patricio Soto Barria,4,desde_app_bomberos
284,Chaiten,https://app.bomberos.cl/info_crpo_web/?id=284,logos/284_Chaiten.pjpeg,71.304.100-9,203,18-08-1963,Diego Portales 517,652731266,Juan Angelo Carrillo Vera,Audito Eliseo Oyarzo Chacano,3,desde_app_bomberos
285,Chacao,https://app.bomberos.cl/info_crpo_web/?id=285,logos/285_Chacao.png,75.984.560-9,288,08-01-2000,Bellavista 145,(65) 2696323,Luis Axel Guerrero Muñoz,Ricardo Andrés Díaz Barrera,1,desde_app_bomberos
286,Chonchi,https://app.bomberos.cl/info_crpo_web/?id=286,logos/286_Chonchi.png,70.001.600-5,44,13-04-1905,Lib. Bernardo O'Higgins S/n,(65) 671331 - 671272,Ricardo Antonio Gacitua Espinoza,Alex Erardo Tomas Macias Vera,5,desde_app_bomberos
287,Choshuenco,https://app.bomberos.cl/info_crpo_web/?id=287,logos/287_Choshuenco.jpg,71.012.500-7,228,18-08-1968,Padre Bernabé s/n,(63) 2318232,Katterin Hornela Alarcón Rojas,Pedro Correa Rebolledo,4,desde_app_bomberos
288,Dalcahue,https://app.bomberos.cl/info_crpo_web/?id=288,logos/288_Dalcahue.jpg,70.009.900-8,80,10-08-1930,Mocopulli 25,(65) 2641315,Artemio Román Valencia Contreras,Cristian Heraldo Vargas Torres,5,desde_app_bomberos
289,Entre Lagos,https://app.bomberos.cl/info_crpo_web/?id=289,logos/289_Entre Lagos.jpg,71.343.300-4,195,21-06-1962,"Lord Cochrane 178, el colorado",(64) 371222 - 371265,Juan Pablo Molina Herrera,Victor Leonardo Guzman Aguilar,2,desde_app_bomberos
290,Fresia,https://app.bomberos.cl/info_crpo_web/?id=290,logos/290_Fresia.png,70.008.700-K,97,31-07-1938,San Carlos 402,(65) 441222,Erwin Andrés Díaz Añazco,Matías Fernando Carrasco Bastidas,5,desde_app_bomberos
291,Frutillar,https://app.bomberos.cl/info_crpo_web/?id=291,logos/291_Frutillar.png,70.081.700-8,61,13-08-1913,"Philippi 1065, Frutillar Bajo",652421411,Angela Virgilia Rodriguez Vargas,Guillermo Fideli Mansilla,6,desde_app_bomberos
292,Futaleufu,https://app.bomberos.cl/info_crpo_web/?id=292,logos/292_Futaleufu.png,71.339.300-2,173,04-02-1958,Gabriela Mistral 212,(65) 721232,Gloria Albornoz Sepulveda,Oscar Javier Torres Salazar,1,desde_app_bomberos
293,Lolol,https://app.bomberos.cl/info_crpo_web/?id=293,logos/293_Lolol.png,65.147.080-3,294,22-07-1956,"Los Alerces 135, URBANO",722824670,Tito Gabriel Correa Verdugo,Joaquin Ignacio Verdugo Nuñez,1,desde_app_bomberos
295,El Palqui,https://app.bomberos.cl/info_crpo_web/?id=295,logos/295_El Palqui.jpg,82.715.200-5,231,09-03-1969,"Galvarino 104, el palqui",(53) 711012,Jordan Nicolas Zepeda Aguirre,Luis Fernando Venegas Gonzalez,7,desde_app_bomberos
296,Maule,https://app.bomberos.cl/info_crpo_web/?id=296,logos/296_Maule.jpg,65.453.290-7,297,14-06-2002,"1 Oriente nro. 662 con Yerbas Buenas S/n, Villa Dona Antonia",(71)2 631103,Fernando Matias Diaz Bravo,Matias Osvaldo Urra Loyola,5,desde_app_bomberos
297,Pelarco,https://app.bomberos.cl/info_crpo_web/?id=297,logos/297_Pelarco.jpg,65.221.700-1,295,24-06-1984,San Pedro S/N,(71) 1970295,Carlos Verdugo Perez,Juan Ignacio Ramirez Retamal,2,desde_app_bomberos
298,Alto Hospicio,https://app.bomberos.cl/info_crpo_web/?id=298,logos/298_Alto Hospicio.png,65.474.790-3,299,24-08-1998,"Pasaje Noruega S/n, ALTO HOSPICIO",(57)499390,Marcelo Paul Zúñiga Schampke,Wilfredo Arturo Ramirez Mariguala,4,desde_app_bomberos
299,Diego De Almagro,https://app.bomberos.cl/info_crpo_web/?id=299,logos/299_Diego De Almagro.jpeg,65.422.480-3,298,28-11-2002,Juan Martínez 1501,(52)538941,Mario Alejandro Gaete Godoy,Arnoldo Leandro Uribe Guerra,2,desde_app_bomberos
605,La Higuera,https://app.bomberos.cl/info_crpo_web/?id=605,logos/605_La Higuera.png,65.189.740-8,302,10-11-2005,"Violeta Seura S/n, Alto",940123300,Norman Hugo Bugueño Guerrero,Rodrigo Urrutia Zárate,2,desde_app_bomberos
606,Hualpén,https://app.bomberos.cl/info_crpo_web/?id=606,logos/606_Hualpén.png,65.592.690-9,300,19-03-2005,"Alemania 2828, HUALPEN",412424258,Ruben Andres Aguila Mariman,Miguel Andres Valenzuela Sanchez,2,desde_app_bomberos
607,Metropolitano Sur,https://app.bomberos.cl/info_crpo_web/?id=607,logos/607_Metropolitano Sur.jpg,65.600.110-0,301,11-10-2004,San Nicolás 1153,228893300 - 225598341 - 225255147,Rodrigo Marin Jelves,Sergio Navarro Meezs,12,desde_app_bomberos
608,Pencahue,https://app.bomberos.cl/info_crpo_web/?id=608,logos/608_Pencahue.png,65.570.330-6,307,19-07-1994,Hernando Bravo De Villalba 1095,71-1971302,José Antonio Aguilar Muñoz,Eugenio Antonio Rojas Rebolledo,3,desde_app_bomberos
610,Rinconada,https://app.bomberos.cl/info_crpo_web/?id=610,logos/610_Rinconada.jpg,70.380.500-0,220,22-11-1967,San Martin 2502,(34) 2401022,Segundo Joaquin Diaz Santibanez,Ariel Elias Flores Montenegro,1,desde_app_bomberos
611,Río Negro,https://app.bomberos.cl/info_crpo_web/?id=611,logos/611_Río Negro.pjpeg,82.173.400-2,57,04-01-1911,"Pedro Aguire Cerda 215, sector",(64) 361222,Alfonso Azocar Cabrera,Gustavo Alexis Diaz Rojas,4,desde_app_bomberos
612,Santa Rosa De Huantajaya,https://app.bomberos.cl/info_crpo_web/?id=612,logos/612_Santa Rosa De Huantajaya.jpg,65.636.720-2,304,07-03-2006,"Los Alamos 3007, caliche 3",57 - 2499871 / 57-2493025,Carlos Alberto Fuentealba Delgado,Ivan   Antonio Espinoza Torres,3,desde_app_bomberos
613,Sierra Gorda,https://app.bomberos.cl/info_crpo_web/?id=613,logos/613_Sierra Gorda.png,65.636.620-6,305,04-02-2005,Calle Jaime Guzmán 200,,Juan Carlos Pizarro Ramirez,Richard Christopher Anderson Lahaye,2,desde_app_bomberos
614,Cochamó,https://app.bomberos.cl/info_crpo_web/?id=614,logos/614_Cochamó.jpg,65.648.190-0,303,22-11-1984,"Moises morales S/n, Sector",940648093,Celso Soto Cárdenas,Héctor Hugo Fuentealba Huinca,5,desde_app_bomberos
616,San Pedro De Atacama,https://app.bomberos.cl/info_crpo_web/?id=616,logos/616_San Pedro De Atacama.png,65.649.040-3,306,09-07-2005,"El Inca 350, Población Condeduque",933978288,Francisco José Barrios Casas,--,3,desde_app_bomberos
617,Quinta De Tilcoco,https://app.bomberos.cl/info_crpo_web/?id=617,logos/617_Quinta De Tilcoco.png,71.306.300-2,263,12-09-1982,AV CAstro 583,072 - 541395,Luis Enrique Galvez Castillo,José Eduardo Salas Salas,1,desde_app_bomberos
618,Virtual,https://app.bomberos.cl/info_crpo_web/?id=618,logos/618_Virtual.jpg,11.111.111-1,,12-03-2014,Avda. Bustamante 86,02-8160000,Marcelo Bustos Bustos,Daniel Alejandro Ramirez Rivera,6,desde_app_bomberos
619,Chol-Chol,https://app.bomberos.cl/info_crpo_web/?id=619,logos/619_Chol-Chol.png,65.756.500-8,308,17-06-2006,"Balmaceda 510, Frente Plaza de armas",452-528764/ 629495,Eduardo Enrique Pranao Curin,Alvaro Riquelme Jimenez,1,desde_app_bomberos
620,Camiña,https://app.bomberos.cl/info_crpo_web/?id=620,logos/620_Camiña.jpg,65.859.510-5,309,11-05-2006,Bernardo O'Higgins S/n,973908778,Fernando Lorenzo Morales Luza,Marco Antonio Lopez Ahumada,2,desde_app_bomberos
621,Paihuano,https://app.bomberos.cl/info_crpo_web/?id=621,logos/621_Paihuano.png,65.016.356-7,312,29-06-2009,Balmaceda 129,(51)451071,Juan Carlos Astorga Angel,Mauricio Danilo Astorga Angel,3,desde_app_bomberos
622,Carretera Austral,https://app.bomberos.cl/info_crpo_web/?id=622,logos/622_Carretera Austral.png,65.026.054-6,313,15-02-2010,"Chamiza km 8,5 S/n",965710464,Francisco Alberto Silva Santibañez,Yenifer Yamilet Cárcamo Cuyul,3,desde_app_bomberos
623,virtualv2,https://app.bomberos.cl/info_crpo_web/?id=623,logos/623_virtualv2.png,0000000-0,,,Bustamante 86,02-8160000,Pedro Antonio Cabrera Urrutia,--,1,desde_app_bomberos
624,Virtualv3,https://app.bomberos.cl/info_crpo_web/?id=624,logos/624_Virtualv3.png,11111111,,,virtualv3,5555555,Mejillones Contabilidad Contabilidad,Rebeca Ferrada Saldias,4,desde_app_bomberos
625,Canela,https://app.bomberos.cl/info_crpo_web/?id=625,logos/625_Canela.jpg,65.001.767-6,310,27-12-2007,"Ignacio Carrera Pinto 430, Canela Baja",053-540348,Claudia Patricia Contreras Vivanco,Julio Adrian Vicencio Bugueño,3,desde_app_bomberos
626,Río Hurtado,https://app.bomberos.cl/info_crpo_web/?id=626,logos/626_Río Hurtado.jpg,65.009.135-3,311,13-04-2007,"HURTADO SIN NUMERO, VILLA PROCASA",934277157,Natalia Ivonne Silva González,Luis Arnoldo Vega González,2,desde_app_bomberos
627,María Elena,https://app.bomberos.cl/info_crpo_web/?id=627,logos/627_María Elena.png,65.019.721-6,314,25-06-2012,Avenida Ohiggins 447,055 - 413999 / 7759 8518,Jaime Francisco Dominguez Mena,Joaquin Andres Lopez Honores,2,desde_app_bomberos
628,O'Higgins de Arica,https://app.bomberos.cl/info_crpo_web/?id=628,logos/628_OHiggins de Arica.png,,,,,,Hernán Alfredo Lagos Zúñiga,Mario Alejandro Alfaro Osorio,1,desde_app_bomberos
629,Melinka,https://app.bomberos.cl/info_crpo_web/?id=629,logos/629_Melinka.jpg,74.796.700-8,315,07-12-1997,AEROPUERTO S/N,932703623,Jaime César Mera Fernandez,Adela Alejandra Nahuelquin Nahuelquin,1,desde_app_bomberos
630,Palmilla,https://app.bomberos.cl/info_crpo_web/?id=630,logos/630_Palmilla.jpg,65.155.106-4,,03-06-2017,"Avenida Presidente Anibal Pinto 3, Poblacion Palmilla Ltda.",722825624,Gabriel Eduardo Paredes Orellana,Joel Antonio Valenzuela Fuenzalida,2,desde_app_bomberos
631,San Fabián de Alico,https://app.bomberos.cl/info_crpo_web/?id=631,logos/631_San Fabián de Alico.png,65220232-2,,04-12-2022,Caupolicán s/n,442901307,Marcela Mora Montecinos,Hector Andres Riveros Maturana,1,desde_app_bomberos
